{"mean": 61701576.04306864, "std": 28825900.609156586}